<?xml version="1.0" encoding="utf-8"?>
<!--/1411952/1046981/2.50/7/2/Power Supply/-->
<quadcept_library>
  <setting unit="mil" />
  <textstyle name="Default" height="47.244094488189" strokewidth="7.8740157480315" charwidth="47.244094488189" />
  <textstyle name="Dimension" height="19.6850393700787" strokewidth="0" charwidth="19.6850393700787" />
  <textstyle name="H127W0635TH00762" height="50" strokewidth="3" charwidth="25" />
  <textstyle name="H15W15TH02" height="59.0551181102362" strokewidth="7.8740157480315" charwidth="59.0551181102362" />
  <padstyle name="c130.3_h76" surface="False" plated="True" isvia="False" nopaste="True" nomask="True" complex="False" holesize="29.921259842519">
    <padshape layer="TOP" shape="round" width="51.299212598425" height="51.299212598425" />
    <padshape layer="TOP_SOLDER_MASK" shape="round" width="59.173228346456" height="59.173228346456" />
    <padshape layer="INNER" shape="round" width="51.299212598425" height="51.299212598425" />
    <padshape layer="BOTTOM" shape="round" width="51.299212598425" height="51.299212598425" />
    <padshape layer="BOTTOM_SOLDER_MASK" shape="round" width="59.173228346456" height="59.173228346456" />
  </padstyle>
  <padstyle name="s130.3_h76" surface="False" plated="True" isvia="False" nopaste="True" nomask="True" complex="False" holesize="29.921259842519">
    <padshape layer="TOP" shape="square" width="51.299212598425" height="51.299212598425" />
    <padshape layer="TOP_SOLDER_MASK" shape="square" width="59.173228346456" height="59.173228346456" />
    <padshape layer="INNER" shape="square" width="51.299212598425" height="51.299212598425" />
    <padshape layer="BOTTOM" shape="square" width="51.299212598425" height="51.299212598425" />
    <padshape layer="BOTTOM_SOLDER_MASK" shape="square" width="59.173228346456" height="59.173228346456" />
  </padstyle>
  <footprint name="MCWI0312S05" originx="0" originy="0" pickpointx="0" pickpointy="0">
    <pcbpin number="1" name="1" style="s130.3_h76" originx="0" originy="0" rotation="90" />
    <pcbpin number="2" name="2" style="c130.3_h76" originx="99.999999999999" originy="0" rotation="90" />
    <pcbpin number="3" name="3" style="c130.3_h76" originx="200" originy="0" rotation="90" />
    <pcbpin number="4" name="5" style="c130.3_h76" originx="400" originy="0" rotation="90" />
    <pcbpin number="5" name="6" style="c130.3_h76" originx="499.99999999999" originy="0" rotation="90" />
    <pcbpin number="6" name="7" style="c130.3_h76" originx="599.99999999999" originy="0" rotation="90" />
    <pcbpin number="7" name="8" style="c130.3_h76" originx="699.99999999999" originy="0" rotation="90" />
    <line layer="TOP_ASSEMBLY" originx="-78.740157480314" originy="101.3779527559" endx="779.52755905511" endy="101.3779527559" width="3.9370078740157" />
    <line layer="TOP_ASSEMBLY" originx="779.52755905511" originy="101.3779527559" endx="779.52755905511" endy="-264.76377952756" width="3.9370078740157" />
    <line layer="TOP_ASSEMBLY" originx="779.52755905511" originy="-264.76377952756" endx="-78.740157480314" endy="-264.76377952756" width="3.9370078740157" />
    <line layer="TOP_ASSEMBLY" originx="-78.740157480314" originy="-264.76377952756" endx="-78.740157480314" endy="101.3779527559" width="3.9370078740157" />
    <line layer="TOP_SILKSCREEN" originx="-78.740157480314" originy="101.3779527559" endx="779.52755905511" endy="101.3779527559" width="7.8740157480314" />
    <line layer="TOP_SILKSCREEN" originx="779.52755905511" originy="101.3779527559" endx="779.52755905511" endy="-264.76377952756" width="7.8740157480314" />
    <line layer="TOP_SILKSCREEN" originx="779.52755905511" originy="-264.76377952756" endx="-78.740157480314" endy="-264.76377952756" width="7.8740157480314" />
    <line layer="TOP_SILKSCREEN" originx="-78.740157480314" originy="-264.76377952756" endx="-78.740157480314" endy="101.3779527559" width="7.8740157480314" />
    <line layer="TOP_PLACE_BOUND" originx="-118.11023622047" originy="140.74803149606" endx="818.89763779527" endy="140.74803149606" width="3.9370078740157" />
    <line layer="TOP_PLACE_BOUND" originx="818.89763779527" originy="140.74803149606" endx="818.89763779527" endy="-304.13385826771" width="3.9370078740157" />
    <line layer="TOP_PLACE_BOUND" originx="818.89763779527" originy="-304.13385826771" endx="-118.11023622047" endy="-304.13385826771" width="3.9370078740157" />
    <line layer="TOP_PLACE_BOUND" originx="-118.11023622047" originy="-304.13385826771" endx="-118.11023622047" endy="140.74803149606" width="3.9370078740157" />
    <line layer="TOP_SILKSCREEN" originx="-102.36220472441" originy="0" endx="-102.36220472441" endy="0" width="3.9370078740157" />
    <arc layer="TOP_SILKSCREEN" originx="-100.3937007874" originy="0" startangle="-180.0" sweepangle="180.0" radius="1.9685039370079" width="3.9370078740157" />
    <line layer="TOP_SILKSCREEN" originx="-98.425196850392" originy="0" endx="-98.425196850392" endy="0" width="3.9370078740157" />
    <arc layer="TOP_SILKSCREEN" originx="-100.3937007874" originy="0" startangle=".0" sweepangle="180.0" radius="1.9685039370079" width="3.9370078740157" />
  </footprint>
  <symbol name="MCWI03-12S05" originx="0" originy="0">
    <line originx="200" originy="100" endx="1200" endy="100" width="0" />
    <line originx="1200" originy="-700" endx="1200" endy="100" width="0" />
    <line originx="1200" originy="-700" endx="200" endy="-700" width="0" />
    <line originx="200" originy="100" endx="200" endy="-700" width="0" />
    <sympin number="1" originx="200" originy="0" rotation="180" length="100" width="7.8740157480315" flipped="False">
      <text name="pinname" originx="230" originy="0" style="Default" rotation="0" justify="left" flipped="False" hidden="False" data="-VIN" />
      <text name="pindes" originx="140" originy="20" style="Default" rotation="0" justify="lowerright" flipped="False" hidden="False" data="1" />
    </sympin>
    <sympin number="2" originx="200" originy="-100" rotation="180" length="100" width="7.8740157480315" flipped="False">
      <text name="pinname" originx="230" originy="-100" style="Default" rotation="0" justify="left" flipped="False" hidden="False" data="+VIN" />
      <text name="pindes" originx="140" originy="-80" style="Default" rotation="0" justify="lowerright" flipped="False" hidden="False" data="2" />
    </sympin>
    <sympin number="3" originx="200" originy="-200" rotation="180" length="100" width="7.8740157480315" flipped="False">
      <text name="pinname" originx="230" originy="-200" style="Default" rotation="0" justify="left" flipped="False" hidden="False" data="REMOTE_ON/OFF" />
      <text name="pindes" originx="140" originy="-180" style="Default" rotation="0" justify="lowerright" flipped="False" hidden="False" data="3" />
    </sympin>
    <sympin number="5" originx="200" originy="-300" rotation="180" length="100" width="7.8740157480315" flipped="False">
      <text name="pinname" originx="230" originy="-300" style="Default" rotation="0" justify="left" flipped="False" hidden="False" data="NC_1" />
      <text name="pindes" originx="140" originy="-280" style="Default" rotation="0" justify="lowerright" flipped="False" hidden="False" data="5" />
    </sympin>
    <sympin number="6" originx="200" originy="-400" rotation="180" length="100" width="7.8740157480315" flipped="False">
      <text name="pinname" originx="230" originy="-400" style="Default" rotation="0" justify="left" flipped="False" hidden="False" data="+VOUT" />
      <text name="pindes" originx="140" originy="-380" style="Default" rotation="0" justify="lowerright" flipped="False" hidden="False" data="6" />
    </sympin>
    <sympin number="7" originx="200" originy="-500" rotation="180" length="100" width="7.8740157480315" flipped="False">
      <text name="pinname" originx="230" originy="-500" style="Default" rotation="0" justify="left" flipped="False" hidden="False" data="-VOUT" />
      <text name="pindes" originx="140" originy="-480" style="Default" rotation="0" justify="lowerright" flipped="False" hidden="False" data="7" />
    </sympin>
    <sympin number="8" originx="200" originy="-600" rotation="180" length="100" width="7.8740157480315" flipped="False">
      <text name="pinname" originx="230" originy="-600" style="Default" rotation="0" justify="left" flipped="False" hidden="False" data="NC_2" />
      <text name="pindes" originx="140" originy="-580" style="Default" rotation="0" justify="lowerright" flipped="False" hidden="False" data="8" />
    </sympin>
  </symbol>
  <component name="MCWI03-12S05" designatorprefix="PS" height="460.62992125984" footprint="MCWI0312S05">
    <comppin designator="1" sympin="1" pinswap="0" gateswap="0" gate="1" group="1" side="" type="Any" name="-VIN" />
    <comppin designator="2" sympin="2" pinswap="0" gateswap="0" gate="1" group="1" side="" type="Any" name="+VIN" />
    <comppin designator="3" sympin="3" pinswap="0" gateswap="0" gate="1" group="1" side="" type="Any" name="REMOTE_ON/OFF" />
    <comppin designator="5" sympin="5" pinswap="0" gateswap="0" gate="1" group="1" side="" type="Any" name="NC_1" />
    <comppin designator="6" sympin="6" pinswap="0" gateswap="0" gate="1" group="1" side="" type="Any" name="+VOUT" />
    <comppin designator="7" sympin="7" pinswap="0" gateswap="0" gate="1" group="1" side="" type="Any" name="-VOUT" />
    <comppin designator="8" sympin="8" pinswap="0" gateswap="0" gate="1" group="1" side="" type="Any" name="NC_2" />
    <attached_symbol gate="1" name="MCWI03-12S05" />
    <pinmap designator="1" footprintpin="1" />
    <pinmap designator="2" footprintpin="2" />
    <pinmap designator="3" footprintpin="3" />
    <pinmap designator="5" footprintpin="4" />
    <pinmap designator="6" footprintpin="5" />
    <pinmap designator="7" footprintpin="6" />
    <pinmap designator="8" footprintpin="7" />
    <text name="Datasheet" originx="0" originy="0" style="Default" rotation="0" justify="" flipped="False" hidden="True" data="https://www.minmaxpower.com/storage/media/Product-MINMAX/MCWI03/MCWI03_Datasheet.pdf" />
    <text name="Description" originx="0" originy="0" style="Default" rotation="0" justify="" flipped="False" hidden="True" data="MCWI03 Series 3 W 12 Vin 5 V Single Output Isolated DC/DC Converter - SIP-8" />
    <text name="Manufacturer_Name" originx="0" originy="0" style="Default" rotation="0" justify="" flipped="False" hidden="True" data="Minmax" />
    <text name="Manufacturer_Part_Number" originx="1250" originy="200" style="Default" rotation="0" justify="left" flipped="False" hidden="False" data="MCWI03-12S05" />
    <text name="Mouser Part Number" originx="0" originy="0" style="Default" rotation="0" justify="" flipped="False" hidden="True" data="" />
    <text name="Mouser Price/Stock" originx="0" originy="0" style="Default" rotation="0" justify="" flipped="False" hidden="True" data="" />
    <text name="Arrow Part Number" originx="0" originy="0" style="Default" rotation="0" justify="" flipped="False" hidden="True" data="" />
    <text name="Arrow Price/Stock" originx="0" originy="0" style="Default" rotation="0" justify="" flipped="False" hidden="True" data="" />
  </component>
</quadcept_library>
